{
  "project_info": {
    "project_number": "189155587969",
    "firebase_url": "https://edunomics-67eb2.firebaseio.com",
    "project_id": "edunomics-67eb2",
    "storage_bucket": "edunomics-67eb2.appspot.com"
  },
  "client": [
    {
      "client_info": {
        "mobilesdk_app_id": "1:189155587969:android:5c5ca78092d636cb995a80",
        "android_client_info": {
          "package_name": "com.example.edunomics"
        }
      },
      "oauth_client": [
        {
          "client_id": "189155587969-05480v8qt5npmu0psble8djeo7rb4rk9.apps.googleusercontent.com",
          "client_type": 3
        }
      ],
      "api_key": [
        {
          "current_key": "AIzaSyCjwKlJ4DfhcsLPByNbYBWfl7FbDuVLrXk"
        }
      ],
      "services": {
        "appinvite_service": {
          "other_platform_oauth_client": [
            {
              "client_id": "189155587969-05480v8qt5npmu0psble8djeo7rb4rk9.apps.googleusercontent.com",
              "client_type": 3
            }
          ]
        }
      }
    }
  ],
  "configuration_version": "1"
}